Series Name,Series Code,Country Name,Country Code,1990 [YR1990],1991 [YR1991],1992 [YR1992],1993 [YR1993],1994 [YR1994],1995 [YR1995],1996 [YR1996],1997 [YR1997],1998 [YR1998],1999 [YR1999],2000 [YR2000],2001 [YR2001],2005 [YR2005],2006 [YR2006],2007 [YR2007],2008 [YR2008],2009 [YR2009],2010 [YR2010],2011 [YR2011],2012 [YR2012]
GDP (current US$),NY.GDP.MKTP.CD,Afghanistan,AFG,..,..,..,..,..,..,..,..,..,..,..,2461665937.89386,6275073571.54659,7057598406.61553,9843842455.48323,10190529882.4878,12486943505.7381,15936800636.2487,17930239399.8149,20536542736.7297
GDP (current US$),NY.GDP.MKTP.CD,Albania,ALB,2101624962.5,1139166645.83333,709452583.880319,1228071037.84446,1985673798.10258,2424499009.14264,3314898291.37753,2359903108.25164,2707123772.39715,3414760915.22464,3632043907.78974,4060758804.1064,8158548716.52941,8992642348.95796,10701011896.7708,12881352687.7773,12044212903.8168,11926953258.916,12890867538.5302,12319784787.2987
GDP (current US$),NY.GDP.MKTP.CD,Algeria,DZA,62045098374.5482,45715367087.1001,48003298223.1178,49946455210.966,42542571305.5136,41764052457.8814,46941496779.8499,48177862501.9495,48187747528.899,48640611686.2439,54790060512.8886,54744714109.9527,103198229168.23,117027304787.836,134977088396.419,171000692134.748,137211039899.57,161207268840.911,200013050828.17,209047389599.67
GDP (current US$),NY.GDP.MKTP.CD,American Samoa,ASM,..,..,..,..,..,..,..,..,..,..,..,..,..,..,..,..,..,..,..,..
GDP (current US$),NY.GDP.MKTP.CD,Andorra,ADO,1029048481.88051,1106928582.86629,1210013651.87713,1007025755.00065,1017549124.33238,1178738991.19295,1223945356.62682,1180597272.72727,1211932397.81713,1239876305.13531,1401695227.56587,1484017897.09172,3248215396.09501,3536632793.87781,4010990966.32904,4001201113.22689,3650083356.48791,3346516556.29139,3427022518.76564,3146151869.45908
GDP (current US$),NY.GDP.MKTP.CD,Angola,AGO,10033444816.0535,..,..,..,6202000000,4879285714.28571,7526963963.96396,7649716157.20524,6445427698.57434,6152936539.21955,9129634978.33773,8936063723.20121,28233712830.9035,41789478661.3096,60448921272.2326,84178032716.0971,75492384801.3695,82470913120.7314,104115923082.737,115398371427.673
GDP (current US$),NY.GDP.MKTP.CD,Antigua and Barbuda,ATG,391570370.37037,410388888.888889,423762962.962963,456537037.037037,500088888.888889,494185185.185185,541074074.074074,579851851.851852,620037037.037037,651851851.851852,783837851.851852,773765185.185185,997374111.111111,1135143592.59259,1289254333.33333,1347349851.85185,1206410370.37037,1135539037.03704,1129918370.37037,1204713111.11111
GDP (current US$),NY.GDP.MKTP.CD,Argentina,ARG,141352368724.031,189719984268.485,228788617201.696,236741715015.015,257440000000,258031750000,272149750000,292859000000,298948250000,283523000000,284203750000,268696750000,199495534687.577,233581686065.467,288833322724.044,363137495039.856,334490355492.26,425916078731.8,533200293249.748,548934618735.756
GDP (current US$),NY.GDP.MKTP.CD,Armenia,ARM,2256838858.42714,2068526521.90299,1272577521.7683,1201313196.45626,1315158670.47971,1468317350.02343,1596968913.19202,1639492424.38103,1893726437.35976,1845482181.48539,1911563665.39006,2118467913.37873,4900469515.07252,6384451606.1421,9206301700.39619,11662040713.8753,8647936747.98704,9260284937.79782,10142111334.4961,10619320048.5857
GDP (current US$),NY.GDP.MKTP.CD,Aruba,ABW,..,..,..,..,1330167597.76536,1320670391.06145,1379888268.15642,1531843575.41899,1665363128.49162,1722798882.68156,1873452513.96648,1920262569.8324,2331005586.59218,2421474860.3352,2623726256.98324,2791960893.85475,2498932960.89385,2467703910.61453,2584463687.15084,..
GDP (current US$),NY.GDP.MKTP.CD,Australia,AUS,310954982685.648,325574915626.717,325253403060.832,311950534007.87,322805257696.299,367949212949.213,401335356600.91,435571294412.271,399293902190.87,388672139365.835,414951956289.644,378459268004.723,693075477371.824,746880802635.52,853053309256.497,1054557743957.03,926563834486.821,1142250506474.06,1389919156068.22,1537477830480.51
GDP (current US$),NY.GDP.MKTP.CD,Austria,AUT,166062376739.683,173375508073.07,194608183696.469,189921096652.076,203044926876.28,240457622492.152,236720496490.772,212323463750.141,217683626056.025,216725261027.062,196421706283.398,196953628635.347,314648986444.472,334309371471.584,386458951546.674,427611527757.434,397594276187.83,390235099337.748,429010675562.969,407451583084.239
GDP (current US$),NY.GDP.MKTP.CD,Azerbaijan,AZE,8858006035.91566,8792365810.5094,4991350457.5425,3973027396.65195,3313739673.54738,3052467522.36104,3176749593.11788,3962710163.11167,4446396217.63265,4581222442.45783,5272617196.04517,5707618246.56848,13245421880.834,20983019923.8863,33050343782.7759,48852482960.0779,44291490420.5026,52902703376.1056,65951627200.2026,68730906313.6456
GDP (current US$),NY.GDP.MKTP.CD,"Bahamas, The",BHS,3166000000,3111160000,3109000000,3092000000,3259000000,3429000000,3609000000,4961119000,5353524000,6019972000,6327552000,6516651000,7706222000,7965588000,8318996000,8246650000,7820420000,7909580000,7889750000,8399031000
GDP (current US$),NY.GDP.MKTP.CD,Bahrain,BHR,4229787234.04255,4616223404.25532,4751063829.78723,5200265957.44681,5567553457.44681,5849467819.14894,6101861436.17021,6349202393.61702,6183776595.74468,6621010372.34043,9062906914.89362,8976207712.76596,15968726861.7021,18505053191.4894,21730000000,25710877659.5745,22938218085.1064,25713271276.5957,28776595744.6809,30749308510.6383
GDP (current US$),NY.GDP.MKTP.CD,Bangladesh,BGD,31598341233.5793,30957483290.541,31708873954.9405,33166520084.8295,33768662171.2233,37939748051.3878,46438482370.3942,48244308274.8086,49984559471.3656,51270569883.5275,53369787318.6245,53991289844.3291,69442943089.4309,71819083683.7403,79611888213.148,91631278239.3237,102477791472.39,115279077465.226,128637938711.386,133355749482.478
GDP (current US$),NY.GDP.MKTP.CD,Barbados,BRB,2012302519.52124,2020744653.61842,1957168343.54374,2063267995.73752,2151285060.49141,2261996995.18515,2411846465.43502,2549260575.07039,2874413287.26735,3012021852.2502,3121619807.97687,3116632412.98352,3897467233.85757,4303275572.40198,4546115388.40716,4595264666.36232,4601200362.60463,4446829722.72591,4358920097.55454,4332141067.26626
GDP (current US$),NY.GDP.MKTP.CD,Belarus,BLR,17369598958.1159,17813389815.004,17022180272.211,16280372553.0518,14931599418.4226,13972637603.2102,14756861538.4615,14128412417.193,15222014828.3039,12138485328.6267,12736856485.1068,12354820143.8849,30210091836.8294,36961821893.6976,45275747860.6442,60752177438.8895,49208656976.039,55220932613.958,59734593904.6402,63615445566.8483
GDP (current US$),NY.GDP.MKTP.CD,Belgium,BEL,206430841501.69,211637816538.689,236038384441.656,225924679920.709,246194938750.904,289567323481.117,281358175895.766,254813599458.728,260601911535.897,260202429149.798,237904919845.218,237841968680.09,387365750528.541,409813197842.178,471821105940.323,518625897172.99,484552792442.345,483576821192.053,526975674172.922,497884216568.867
GDP (current US$),NY.GDP.MKTP.CD,Belize,BLZ,413050000,444720750,518239100,559858250,580863700,620140400,641383800,654314350,688992450,732732350,832072450,871860600,1114222545.68238,1217467601.14436,1290573396.53153,1369603993.98571,1338515647.69315,1398362215.83775,1488894464.89739,1573867323.54972
GDP (current US$),NY.GDP.MKTP.CD,Benin,BEN,1959965243.76269,1986437859.90346,1695315305.70308,2274557914.07481,1598075932.35432,2169627250.93379,2361116587.86079,2268301537.65128,2455092582.30927,2689787917.50711,2569186642.86999,2680213931.46472,4803702821.08056,5142380779.44103,5969535131.58016,7132787396.66547,7097198711.61023,6970240895.49888,7814081155.64988,8152554487.31321
GDP (current US$),NY.GDP.MKTP.CD,Bermuda,BMU,1592400000,1634899968,1679900032,1820359936,1867160064,2030749952,2695390000,2932827000,3130748000,3324433000,3480219000,3680483000,4868136000,5414299000,5895048000,6109928000,5806378000,5744414000,5550771000,5537537000
GDP (current US$),NY.GDP.MKTP.CD,Bhutan,BTN,299787275.842376,250045839.929639,250794359.567901,235239570.350935,270801565.189672,303053462.843047,316420860.852385,365964500.137703,376955087.251575,419035810.496981,439158233.199822,476360697.181606,818869145.124717,897731524.929922,1196091805.02316,1258332337.28382,1264758197.96593,1585472534.10547,1820207625.80217,1823692109.61652
GDP (current US$),NY.GDP.MKTP.CD,Bolivia,BOL,4867582620.20708,5343274311.56789,5643893347.00679,5734676560.92471,5981244886.917,6715220507.05164,7396966657.47054,7925673448.41368,8497545598.08352,8285075872.27307,8397912509.09679,8141537937.61068,9549077869.1065,11451869164.7112,13120159975.5451,16674357238.5781,17340028490.0285,19649692875.5683,23963096439.383,27084515195.369
GDP (current US$),NY.GDP.MKTP.CD,Bosnia and Herzegovina,BIH,..,..,..,..,1255802469.1358,1866572953.73665,2786045321.63743,3671816504.23851,4116699437.4041,4685729738.56209,5505984455.95855,5748990666.17862,11225138297.1959,12866524918.2221,15776422673.198,19101454463.7507,17600630726.6141,17163117551.4626,18628022743.4257,17207367625.8048
GDP (current US$),NY.GDP.MKTP.CD,Botswana,BWA,3790636664.02546,3942792837.35655,4146513722.33019,4160086253.1468,4259330999.03151,4730611067.02258,4847752842.78924,5020214747.45261,4790458837.17078,5484257417.17844,5788329609.15755,5489608299.66445,9931134940.51346,10126940513.3125,10939053367.1521,10945070447.5102,10267133183.7388,12786654369.6595,15682926890.0326,14686278713.5189
GDP (current US$),NY.GDP.MKTP.CD,Brazil,BRA,461951782000,602860000000,400599250000,437798577639.752,558111997497.263,785643456467.255,850425828275.793,883199443413.729,863723395088.324,599388879704.634,655421153320.579,559372502338.237,891629970423.924,1107640325472.35,1397084381901.29,1695824517395.57,1667020106031.81,2208872214643.02,2614573170731.71,2460658440428.04
GDP (current US$),NY.GDP.MKTP.CD,British Virgin Islands,VGB,..,..,..,..,..,..,..,..,..,..,..,..,..,..,..,..,..,..,..,..
GDP (current US$),NY.GDP.MKTP.CD,Brunei Darussalam,BRN,3520551724.13793,3701667052.55846,4183548189.07305,4105706151.75145,4087337959.93191,4734020036.68689,5115602836.87943,5197332974.13793,4051147227.53346,4600000000,6001153306.2645,5601090584.36122,9531402847.87311,11470703002.0769,12247694247.2298,14393099068.5859,10732366286.2643,13707370737.0737,18525319977.7407,19048495518.5659
GDP (current US$),NY.GDP.MKTP.CD,Bulgaria,BGR,20632090909.0909,10943548387.0968,10350515463.9175,10829710144.9275,9697416974.16974,13063422619.0476,10109404159.6402,11195630536.8928,14630974778.4594,13495062850.302,13148099185.2305,14135393875.5893,29821662537.3229,34304448149.8108,44765733379.986,54666642734.2757,51783454183.5501,50610031135.7791,57418391041.5926,53903028252.2996
GDP (current US$),NY.GDP.MKTP.CD,Burkina Faso,BFA,3101301780.95067,3135045684.1006,2240264711.54816,2332018010.55341,1895290964.80829,2379518099.2266,2586550747.09844,2447669403.89018,2804902723.73145,2991748387.09677,2628920056.10098,2812532813.18202,5458343594.30942,5843872989.47876,6762399882.91926,8350808396.60563,8148059793.81443,8988623686.33791,10746062858.3563,11166654260.5289
GDP (current US$),NY.GDP.MKTP.CD,Burundi,BDI,1132101252.51817,1167398478.3459,1083037670.60484,938632612.026359,925030590.153683,1000428393.88528,869033856.317093,972896267.915425,893770806.077641,808077223.365746,870486065.883137,876794723.068586,1117257279.46188,1273180597.02711,1356078278.18821,1611634331.64869,1739781488.7457,2026864469.36388,2355652125.85184,2472384906.99794
GDP (current US$),NY.GDP.MKTP.CD,Cabo Verde,CPV,306891107.262039,319827058.592875,357160985.327413,490417389.682569,406580652.330537,487148993.533109,501979069.274683,490608657.924976,521910560.524868,592416703.058878,539227277.626411,563024383.296626,971977088.156914,1107891063.43863,1513934037.24782,1789332788.19218,1711816593.14186,1664310632.50555,1864823990.99337,1751887838.54178
GDP (current US$),NY.GDP.MKTP.CD,Cambodia,KHM,..,..,..,2533727592.04165,2791435272.26653,3441205692.9166,3506695719.57259,3443413388.6909,3120425502.58253,3517242477.2285,3654031716.26881,3979813387.84404,6293046162.12584,7274595706.67154,8639235842.18075,10351914093.1723,10401851850.6108,11242275198.9783,12829541141.0127,14038383450.186
GDP (current US$),NY.GDP.MKTP.CD,Cameroon,CMR,11151578050.7356,12434370004.9586,11396310990.2197,13532137227.585,9220470913.32766,8733231184.34755,9732328115.73674,9840553235.89425,9629649416.89037,10486451144.4061,9287367235.25769,9633109349.64535,16587858856.6778,17953066721.0949,20431780377.8605,23322254113.5623,23381142146.6485,23622483983.7101,26587311527.5711,26472056037.7696
GDP (current US$),NY.GDP.MKTP.CD,Canada,CAN,593929550908.468,610328183643.188,592387689252.916,577170761956.438,578139279437.61,604031623433.401,628546387972.131,652825364726.275,631813279406.808,676082654640.91,742293448252.643,736379777892.562,1169357979864.66,1315415197461.21,1464977190205.75,1549131208997.19,1371153004986.44,1613406134731.12,1788703385548.26,1824288757447.57
GDP (current US$),NY.GDP.MKTP.CD,Cayman Islands,CYM,..,..,..,..,..,..,1012444074.07495,..,..,..,..,..,..,3207032512.94205,..,..,..,..,..,..
GDP (current US$),NY.GDP.MKTP.CD,Central African Republic,CAF,1440711395.67069,1377375030.52921,1411917558.45855,1278781166.72188,851174350.649409,1115389731.79119,1007791186.20106,937741468.029676,967338348.658314,999477510.686632,914500299.097034,931833302.752857,1350301057.06866,1460562038.37097,1698125617.92304,1985370057.92473,1981728140.77833,1986014845.63184,2212699746.81377,2184183758.31567
GDP (current US$),NY.GDP.MKTP.CD,Chad,TCD,1738605558.05436,1877138041.64308,1881847676.80752,1463251055.40068,1179837954.72193,1445919969.89272,1607345450.04578,1544689502.82472,1744794457.276,1534673583.2487,1385058161.76746,1709347793.32873,6646663021.43571,7422102519.56848,8638711442.7705,10351932604.4154,9253484108.49701,10657705536.4978,12156380425.0825,12368071038.7362
GDP (current US$),NY.GDP.MKTP.CD,Channel Islands,CHI,..,..,..,..,..,..,..,..,5945677376.61477,6262740656.85164,6439703434.71024,6232906290.4851,8827272727.27273,9676172953.08188,11514605842.3369,..,..,..,..,..
GDP (current US$),NY.GDP.MKTP.CD,Chile,CHL,31558927517.2188,36424168146.1543,44467946384.2462,47693992626.8649,55154226759.96,71349202308.6423,75769008174.2547,82808986191.6005,79373597080.1017,72995286764.4168,79328640263.7676,72336972322.4242,124404150138.227,154671012210.645,173081277147.793,179626674542.406,171956955710.33,217538271334.673,250832362674.151,265231582123.55
GDP (current US$),NY.GDP.MKTP.CD,China,CHN,360858508604.206,383372822299.652,426915227629.513,444730903968.185,564325246266.838,734548001963.907,863746361646.34,961603416246.472,1029043011921.59,1093997559885.48,1211346395438.73,1339395440432.04,2285965854313.36,2752132089196.58,3552182714426.55,4598205419718.8,5109954035775.98,6100620356557.32,7572554360442.62,8560546868811.69
GDP (current US$),NY.GDP.MKTP.CD,Colombia,COL,40274204595.2296,41239551378.2482,49279585355.0948,55802538219.0264,81703500846.0364,92507279383.0387,97160109277.8087,106659508271.255,98443739941.1664,86186158684.7685,99886577330.7271,98203546156.3102,146566264837.014,162590146096.414,207416494642.379,243982437870.84,233821670544.258,287018184637.529,335415156702.186,369659700375.52
GDP (current US$),NY.GDP.MKTP.CD,Comoros,COM,250030760.754786,246823428.906664,266191040.373328,263568114.445462,185761822.560488,231896229.562629,230495751.446593,212099634.697751,215394066.068976,222580453.753844,203846427.738737,220093812.206791,380372892.606774,406111873.539847,462453582.873627,523134896.968654,524157261.014644,530493353.218937,586281766.75997,570865941.229393
GDP (current US$),NY.GDP.MKTP.CD,"Congo, Dem. Rep.",ZAR,..,..,..,..,5840530472.68908,5647034074.07407,5772020526.10602,6091061291.30501,6215716712.29467,4711259427.27273,19088046305.7971,7438189100.33333,11964484667.9102,14296507096.4135,16364029327.3456,19206060270.2521,18262773820.8055,20523285374.187,23849009737.6669,27463220380.0054
GDP (current US$),NY.GDP.MKTP.CD,"Congo, Rep.",COG,2798746050.58236,2724853507.63856,2933222705.80382,1918970177.74925,1769365438.87155,2116003868.17928,2540697537.71673,2322719101.29807,1949481380.64044,2353909441.71514,3219910666.03357,2794259756.13093,6087002681.74095,7731261310.93322,8394688284.06224,11859014004.0772,9593536531.23778,12007880590.4575,14425607224.168,13677930123.5919
GDP (current US$),NY.GDP.MKTP.CD,Costa Rica,CRI,7403457319.20472,7168999428.24471,8528593084.48749,9537297507.16915,10432619390.3609,11513472693.8707,11618286553.3677,12552071367.1539,13617405420.1174,14195623424.811,14949514585.1585,15913363335.0564,19952156474.8454,22600431878.0024,26743874286.8514,30612932802.8991,30562361151.812,37268635328.7341,42262697853.6349,46473128236.8416
GDP (current US$),NY.GDP.MKTP.CD,Cote d'Ivoire,CIV,10795850106.9547,10492628915.4927,11152971316.074,11045759468.9412,8313557450.25213,11000146839.497,12139234938.7863,11722142706.1278,12612033728.8572,12376639822.9265,10717022462.6859,11192560827.2962,17084928927.4555,17800887796.4987,20343635319.6174,24224903099.6283,24277493862.0625,24884505034.5564,25381616734.0693,27040562587.1771
GDP (current US$),NY.GDP.MKTP.CD,Croatia,HRV,..,..,..,..,..,22387561845.2244,23678012697.3612,23822087053.2091,25432144406.2043,23386945596.6928,21774273832.1031,23289671102.3197,45416076680.8707,50453577898.4886,60093155532.7678,70481451814.3118,62703095750.5257,59680624422.3702,62249565358.9878,56485301967.4205
GDP (current US$),NY.GDP.MKTP.CD,Cuba,CUB,28645436550.5319,24317883624.0548,22085858204.0541,22367254851.3514,28448326795.9459,30428638304.4183,25017300000,25366200000,25736600000,28365300000,30565200000,31683300000,42644200000,52742100000,58603500000,60806300000,62078600000,64328200000,68990140000,73139050000
GDP (current US$),NY.GDP.MKTP.CD,Curacao,CUW,..,..,..,..,..,..,..,..,..,..,..,..,..,..,..,..,..,..,..,..
GDP (current US$),NY.GDP.MKTP.CD,Cyprus,CYP,5591130217.66965,5770197348.48485,6912150456.32334,6590291048.29211,7425703928.57143,9826778783.9586,9899623588.45671,9594298745.72406,10353506787.3303,10614455231.931,10183317624.8822,10567304189.4353,18703146374.829,20403713461.2972,24077470572.1325,27839460963.8201,25942622950.8197,25562251655.6291,27427161523.4918,25012206090.1966
GDP (current US$),NY.GDP.MKTP.CD,Czech Republic,CZE,40315845396.3126,29557058174.1697,34451993226.0347,40452245779.1651,47364869195.7617,59537113790.5049,66775046785.4354,61621364981.4187,66372594575.1707,64719461254.5271,61474265134.5364,67375623427.4642,135990215966.674,155213006071.979,188818155388.125,235204812643.146,205729790694.015,207015860050.371,227948564356.715,207376427020.815
GDP (current US$),NY.GDP.MKTP.CD,Denmark,DNK,138094873105.387,138964910325.96,152690732178.062,142962900445.719,156144903578.279,185006961302.299,187632400365.599,173537588008.176,176992000955.11,177965224620.854,164158800460.219,164791416350.267,264559522419.917,282961088316.405,319500339842.387,352591553716.09,319762353336.194,319810991980.939,341498686832.939,325012162409.979
GDP (current US$),NY.GDP.MKTP.CD,Djibouti,DJI,452328087.282876,462421998.525779,478058304.871118,466048469.22986,491689220.744875,497723960.589913,494004647.73437,502675542.001227,514267869.300758,536080148.097299,551230861.856506,572417440.820162,708633194.726566,768873684.032838,847918929.107984,999105339.267729,1049110684.72493,1128611700.3618,1239144501.77525,1353632941.5207
GDP (current US$),NY.GDP.MKTP.CD,Dominica,DMA,166322222.222222,180437037.037037,191759259.259259,200418518.518519,215459259.259259,224037037.037037,236444444.444444,245781481.481481,258440740.740741,267740740.740741,335845814.814815,343119370.37037,370370370.37037,390370370.37037,421375851.851852,458190185.185185,489074333.333333,493824407.407407,500988407.407407,485905592.592593
GDP (current US$),NY.GDP.MKTP.CD,Dominican Republic,DOM,7073674721.12418,9724402004.34906,11277676879.9612,12976408000,14511134920.6349,16358496124.031,18131813000.6281,19593869595.0191,21171523985.0642,21709726722.118,23996063503.0497,24892521236.9553,34004033803.9438,35952845582.5029,44169678153.1566,48288967303.4896,48376555305.6902,53954579003.5277,57746684847.0898,60613645121.3529
GDP (current US$),NY.GDP.MKTP.CD,Ecuador,ECU,15239278100.3502,16988535267.6338,18094238119.0595,18938717358.6793,22708673336.6683,24432884442.2211,25226393196.5983,28162053026.5133,27981896948.4742,19645272636.3182,18327764882.4412,24468324000,41507085000,46802044000,51007777000,61762635000,62519686000,69555367000,79276664000,87924544000
GDP (current US$),NY.GDP.MKTP.CD,"Egypt, Arab Rep.",EGY,43130416913.4141,36970555898.9698,41855986519.4235,46578631452.581,51897983392.6453,60159245060.4542,67629716981.1321,78436578171.0914,84828807556.0803,90710704806.8416,99838543960.0763,97632008709.853,89685725230.2517,107484034870.974,130478960092.499,162818181818.182,188982374700.805,218888324504.753,236001858960.015,276353323880.224
GDP (current US$),NY.GDP.MKTP.CD,El Salvador,SLV,4800900000,5311000000,5954700000,6938000000,8085600000,9500500000,10315500000,11134700000,12008400000,12464700000,13134100000,13812700000,17093800000,18550700000,20104900000,21431000000,20661000000,21418300000,23139000000,23813600000
GDP (current US$),NY.GDP.MKTP.CD,Equatorial Guinea,GNQ,112119406.548331,110906032.075075,134707184.355541,136047896.155778,100807001.813926,141853368.256815,232463036.435759,442337849.474377,370687618.717326,621117885.668503,1045998496.43872,1461139022.02954,8217369092.65224,10086528698.8604,13071718758.7373,19749893536.3204,15027795173.2187,16298542027.9965,21329395900.871,22389627294.4179
GDP (current US$),NY.GDP.MKTP.CD,Eritrea,ERI,..,..,477101651.648376,467872714.755603,531688311.688312,578015625,693535954.190067,686490090.140141,745526154.93283,688921325.712043,706370815.584416,752368495.512622,1098425900.74116,1211161879.6748,1317974491.05691,1380188800,1856695551.21951,2117039512.19512,2607739837.39837,..
GDP (current US$),NY.GDP.MKTP.CD,Estonia,EST,..,..,..,..,..,4373658536.58537,4746104825.07478,5066242110.00902,5617109800.86773,5726895229.98296,5685773518.84272,6245072061.58804,14006093769.4317,16963630661.1467,22237065425.6775,24194038377.0324,19652486801.8894,19492092715.2318,23168793438.9769,23043861554.8714
GDP (current US$),NY.GDP.MKTP.CD,Ethiopia,ETH,12175166763.285,13463868357.4879,10492993077.6093,8830712713.90781,6927950564.55657,7663984567.90123,8547939730.62374,8589211390.49612,7818224905.55071,7700833482.00615,8242392103.68061,8231326016.47494,12401139453.9738,15280861834.6024,19707616772.7996,27066912635.2228,32437389116.038,29933790334.3418,31952763089.33,43310721414.0829
GDP (current US$),NY.GDP.MKTP.CD,Faroe Islands,FRO,..,..,..,..,..,..,..,..,1105688872.97039,1125684470.05533,1062339943.83343,1154899793.33878,1730891409.07567,1970142377.91507,2278229533.05096,2413237402.14803,2257097731.55019,2301178416.00619,2468748767.9772,2356505419.09755
GDP (current US$),NY.GDP.MKTP.CD,Fiji,FJI,1337024782.22702,1383843860.1247,1531803060.54558,1635426125.30808,1825285158.11762,1970347720.96992,2129266728.42585,2093994597.21549,1656784779.545,1942170999.18765,1684109743.49338,1660102345.60309,3006725014.78415,3102741451.01664,3405050611.68726,3523185919.55826,2870624635.68032,3140508835.9485,3774530588.88398,3972012545.85528
GDP (current US$),NY.GDP.MKTP.CD,Finland,FIN,141517648888.198,127866490222.026,112625431377.754,89255751014.885,103321570859.419,134199346405.229,132099404607.818,126833123353.568,133936359590.565,135225868314.511,125539893126.958,129250111856.823,204436015420.968,216552502822.732,255384615384.615,283742493042.332,251499027507.641,247814569536.424,273657214345.288,256706466091.089
GDP (current US$),NY.GDP.MKTP.CD,France,FRA,1275300566196.84,1275563306592.26,1408724907063.2,1330094973361.13,1401636342155.01,1609892232882.11,1614245416078.98,1460709148123.17,1510758283299.98,1500275942893.67,1368438363736.87,1382218344519.02,2203678646934.46,2325011918203.49,2663112510265.54,2923465651091.26,2693827452070.02,2646994701986.75,2862502085070.89,2681416108537.39
GDP (current US$),NY.GDP.MKTP.CD,French Polynesia,PYF,3181206304.81549,3267367609.89528,3558215110.24809,3694600399.89225,3522272321.40766,3982374845.92709,3954696873.74892,3567062511.87293,3775160797.38928,3797016068.69688,3447543137.9415,..,..,..,..,..,..,..,..,..
GDP (current US$),NY.GDP.MKTP.CD,Gabon,GAB,5952293765.84484,5402919956.93831,5592390848.52648,4378645081.01769,4190819314.02958,4958845906.34769,5694040336.82571,5326816858.99586,4483417119.83928,4662992036.2073,5067865320.7979,5018874179.18704,9458884812.18106,10154041929.6521,12438956756.4455,15508574820.3516,12065138272.7538,14358584300.3006,18186478119.9582,17171447372.3334
GDP (current US$),NY.GDP.MKTP.CD,"Gambia, The",GMB,317083373.524559,690314321.374999,714255460.503389,755042548.055824,746491692.583857,785996982.492168,848237108.56163,803630742.53446,840285264.631545,814723460.08372,782915402.421095,687408804.630527,624174723.713404,655068695.952711,798870894.208271,965769128.170004,900639747.939529,952429030.415536,904256643.415984,912569686.7859
GDP (current US$),NY.GDP.MKTP.CD,Georgia,GEO,7753501867.76095,6357615894.03974,3690328963.64086,2701181331.30816,2513870586.73344,2693731865.97036,3094915505.9093,3510540809.24855,3613500117.24928,2800024313.95144,3057453482.55826,3219487824.87911,6410941012.59189,7745406200.85374,10172869679.7366,12795044472.7663,10766809099.0721,11638536890.5347,14434619982.2117,15846474595.773
GDP (current US$),NY.GDP.MKTP.CD,Germany,DEU,1764967948916.6,1861873895109.02,2123130870381.97,2068555542410.98,2205966011811.5,2591620035485.19,2503665193657.4,2218689375140.99,2243225519617.65,2199957383336.88,1949953934033.54,1950648769574.94,2861410272354.18,3002446368084.31,3439953462907.2,3752365607148.09,3418005001389.27,3417298013245.03,3757464553794.83,3543983909148.01
GDP (current US$),NY.GDP.MKTP.CD,Ghana,GHA,5889174833.90034,6596546195.65217,6413901601.83066,5966255778.12018,5444560669.45607,6465137614.6789,6934984709.48012,6891308593.75,7480968858.13149,7719354838.70968,4983024408.14828,5314909953.92992,10731634116.7384,20409257610.4746,24758819717.7074,28526891010.4925,25977847813.7422,32174772955.9748,39566292432.8615,41939728978.7281
GDP (current US$),NY.GDP.MKTP.CD,Gibraltar,GIB,..,..,..,..,..,..,..,..,..,..,..,..,..,..,..,..,..,..,..,..
GDP (current US$),NY.GDP.MKTP.CD,Greece,GRC,97891090928.6328,105143232379.884,116224673042.546,108809058858.502,116601802106.742,136878366230.328,145861612825.595,143157600024.959,144428172835.236,142540728958.023,130133845771.144,136191353467.562,247783001865.44,273317737046.795,318497936901.177,354460802548.704,330000252153.376,299379400264.901,287779921184.32,245670666639.047
GDP (current US$),NY.GDP.MKTP.CD,Greenland,GRL,1018977225.44427,1016500016.28505,1037916105.23293,927214127.934317,1005887592.03539,1208953358.99709,1197515637.92052,1072154406.78905,1149858126.95747,1131555107.04907,1068024993.98697,1086170638.72901,1650283229.19637,1811232804.76516,2039990870.18161,2301745558.05339,2314737666.79517,2287220565.1596,2503747856.84595,2356004770.79887
GDP (current US$),NY.GDP.MKTP.CD,Grenada,GRD,221070370.37037,241570370.37037,250914814.814815,250259259.259259,261777777.777778,276296296.296296,294651851.851852,304940740.740741,340814814.814815,379629407.407407,520044370.37037,520444185.185185,695370296.296296,698518518.518518,758518518.518518,825925925.925926,771278111.111111,771015888.888889,778648666.666667,799882148.148148
GDP (current US$),NY.GDP.MKTP.CD,Guam,GUM,..,..,..,..,..,..,..,..,..,..,..,..,..,..,..,..,..,..,..,..
GDP (current US$),NY.GDP.MKTP.CD,Guatemala,GTM,7650125217.35253,9406097735.09117,10440842165.3193,11399942453.0646,12983235568.2292,14655487455.7333,15674852771.1356,17790095900.9809,19395461989.5391,18318512501.0256,19288926545.3759,18702822231.5441,27211380858.3989,30231141667.5908,34113102014.6358,39137157753.2425,37733852002.6442,41338340406.3129,47654704787.0678,50388418158.5954
GDP (current US$),NY.GDP.MKTP.CD,Guinea,GIN,2666616176.91609,3014890569.04099,3284625277.16186,3279063317.63475,3383218922.79336,3693753379.05992,3869032270.91633,3783788551.0819,3588376057.01536,3461282293.64624,2995360969.16199,2833442750.43639,2937071767.25576,2931625104.50109,4134173275.1244,4515824647.43939,4609923756.18485,4735956493.06479,5067360009.39197,5667229758.9878
GDP (current US$),NY.GDP.MKTP.CD,Guinea-Bissau,GNB,243961995.509711,257150573.215747,226313492.713567,236880813.821765,235619994.759074,253966919.939838,270419779.418107,268551010.941186,206457553.397101,224446652.14622,370173851.946119,392278164.416457,586791836.059541,591829897.549245,695606313.878293,864136798.741659,825828719.797396,846332419.519942,1105497821.87289,995581992.41106
GDP (current US$),NY.GDP.MKTP.CD,Guyana,GUY,396582263.291139,336708419.499106,368281378.896883,442273433.179724,540874934.201012,621626785.915493,705406001.424501,749138009.564539,717530683.169567,694754988.258295,712667896.727512,696281471.678532,824880550.343965,1458446872.26976,1740334781.83731,1922598121.23066,2025565089.48272,2259288396.24467,2576602497.33479,2851154075.95385
GDP (current US$),NY.GDP.MKTP.CD,Haiti,HTI,..,3473562850.25798,2257129873.66261,1878253818.07845,2167569095.11746,2813313281.80715,2907517543.3645,3338949151.59927,3723903723.63772,4153725966.87677,3953839593.78427,3596448035.44747,4310356252.83669,4756204069.61876,5885321655.91684,6548531998.42373,6584642675.34367,6622540159.47531,7516829496.06138,7890215895.68701
GDP (current US$),NY.GDP.MKTP.CD,Honduras,HND,3048881322.9572,3068444711.94538,3419487440.65916,3481990761.34498,3432356578.82219,3911053180.39625,4034037162.16216,4663193916.34981,5202215657.31167,5372543554.00697,7103529494.37412,7565877533.54421,9672027224.16405,10841723354.4391,12275493958.7834,13789727209.7723,14486137413.5468,15729644901.1305,17588097149.7619,18400538970.1119
GDP (current US$),NY.GDP.MKTP.CD,"Hong Kong SAR, China",HKG,76928290841.8701,88959620135.8864,104272278634.731,120353947980.764,135812069768.646,144652912433.103,159717233621.659,177352785419.977,168886163221.567,165768095391.557,171668164082.555,169403241524.337,181570082162.19,193536265094.364,211597405593.868,219279678430.164,214046415026.187,228637697575.04,248513617677.287,262629441493.476
GDP (current US$),NY.GDP.MKTP.CD,Hungary,HUN,..,34650782427.2429,38616036221.8202,40006243367.539,43039008829.7659,46288369007.4588,46538169511.6894,47178241568.5704,48661666395.3691,49074725337.7458,47209471853.3471,53696730223.8318,112589039620.207,114801188269.404,139198195460.551,157290970540.917,129965360575.699,130258247571.415,140091591852.976,127321135030.078
GDP (current US$),NY.GDP.MKTP.CD,Iceland,ISL,6521544489.20626,6966138525.63635,7138787995.32199,6269347502.78093,6441621297.77366,7181787873.86945,7501950115.78947,7596126045.95208,8468339855.94356,8928185823.51908,8924735422.81469,8126161154.36964,16749309720.1251,17041293815.902,21293841230.1928,17530651669.9091,12855269883.7902,13236887873.0516,14665358676.7166,14194519025.2641
GDP (current US$),NY.GDP.MKTP.CD,India,IND,326608014285.316,274842161318.346,293262722482.422,284194018792.066,333014993709.73,366600193391.349,399787263892.645,423160799040.86,428740690379.961,466866720520.974,476609148165.173,493954161367.563,834214699568.14,949116769619.554,1201071960529.75,1186913419021.34,1323896417147.06,1656562168648.57,1822989507290.05,1828985283085
GDP (current US$),NY.GDP.MKTP.CD,Indonesia,IDN,106140724972.15,116621996217.133,128026966579.964,158006849701.459,176892148243.48,202132032633.459,227369676089.143,215748853372.157,95445548106.7168,140001352568.994,165021012077.81,160446947784.909,285868618224.017,364570514304.85,432216737774.861,510228634992.258,539580085612.401,755094160363.071,892969107923.094,917869910105.749
GDP (current US$),NY.GDP.MKTP.CD,"Iran, Islamic Rep.",IRN,124813263926.374,..,..,63743623232.012,71841461172.5964,96419225743.6737,120403931885.441,113919163421.155,110276913362.508,113848450088.351,109591707802.216,126878750295.944,219845971945.264,258645743978.386,337474485087.271,397189565318.895,398978104575.331,467790215915.476,592037800186.865,587209369682.67
GDP (current US$),NY.GDP.MKTP.CD,Iraq,IRQ,179885815374.719,..,..,..,..,..,..,..,..,..,..,..,49954890353.2609,65140293687.5395,88840050497.0957,131613661510.475,111660855042.735,138516722649.573,185749664444.444,218000986222.639
GDP (current US$),NY.GDP.MKTP.CD,Ireland,IRL,49354420997.7856,49836767904.6774,55973870025.4589,52469345272.7061,57154155241.4605,69208238510.101,75864987273.1855,82816781160.4585,90111620500.1682,98782454400.1705,99855065966.464,109119051633.11,211684825270.489,232167523522.77,270043016151.109,274919025487.037,235765973325.924,221356661986.755,240575769113.15,225819184920.64
GDP (current US$),NY.GDP.MKTP.CD,Isle of Man,IMY,..,..,..,..,..,914727080.643268,1023086918.62768,1180919719.40764,1382548249.78303,1567465656.8505,1563667799.61578,1614595290.9182,2971167185.35511,3344402193.24608,5685988395.35814,5827468750,5047909331.6716,5420118974.04203,6066454093.89521,6433357030.0158
GDP (current US$),NY.GDP.MKTP.CD,Israel,ISR,52490327348.4773,59170286560.4844,65771216420.6417,65925583866.2945,74669719504.5,99968784246.0067,109774101575.963,114543978662.956,115838004263.046,117212358383.458,132396684080.151,130751599020.377,142837533703.233,154511423313.434,179564275455.807,216760312151.616,208068814688.605,233754747258.625,261374751963.332,257641795689.722
GDP (current US$),NY.GDP.MKTP.CD,Italy,ITA,1177326298642.53,1242109402060.25,1315806990573.45,1061445229481.97,1095590837536.02,1170787357066.44,1308929305684.53,1239050936221.01,1266309223820.68,1248563148945.24,1141760021927.4,1162317840447.43,1852661936077.6,1942633841801.53,2203053327128.39,2390729210487.77,2185160158794.11,2125184794172.19,2276150874756.74,2072823111961.1
GDP (current US$),NY.GDP.MKTP.CD,Jamaica,JAM,4592224067.37194,4071219198.03601,3530892749.02131,4859766160.89207,4907861405.82758,5779285207.92079,6504445801.34228,7450324787.38384,8718300136.42565,8795765306.12245,8929375580.31569,9087918836.80556,11204416000,11905525197.3285,12824094989.8639,13678551837.6303,12038998756.9217,13192229343.0991,14440457548.68,14802430172.5391
GDP (current US$),NY.GDP.MKTP.CD,Japan,JPN,3103698099973.41,3536800942895.19,3852794371594.29,4414962786901.36,4850348016491.89,5333925511058.95,4706187126019.61,4324278106865.89,3914574887342.22,4432599282922.53,4731198760271.14,4159859918093.56,4571867441130.41,4356750212598.01,4356347794333.08,4849184641953.57,5035141567658.9,5498717815809.77,5908989186412.22,5957250118648.75
GDP (current US$),NY.GDP.MKTP.CD,Jordan,JOR,4160003917.43258,4344250257.01278,5311329067.37276,5605841535.57512,6237739516.24445,6727446632.42009,6928359238.36389,7244402961.91819,7910621156.55853,8147494358.25106,8457923836.38928,8973201974.61213,12588665303.244,15056936953.4556,17110609732.0169,21971835282.5137,23818322957.7465,26425379436.6197,28840263380.2817,30937277605.6338
GDP (current US$),NY.GDP.MKTP.CD,Kazakhstan,KAZ,26932728898.8146,24881135586.399,24906939560.1098,23409027475.6879,21250839258.0901,20374307047.115,21035357832.8019,22165932062.966,22135245413.2312,16870817134.7767,18291990619.137,22152689129.5583,57123671733.8952,81003884545.4099,104849886825.584,133441612246.798,115308661142.927,148047348240.643,192626507971.584,207998568865.789
GDP (current US$),NY.GDP.MKTP.CD,Kenya,KEN,8572359162.86876,8151479004.21334,8209129171.73649,5751789915.05363,7148145375.78545,9046326059.98857,12045858436.2399,13115773737.5664,14093998843.7334,12896013576.7324,12705357103.0056,12986007425.8781,18737895401.1349,25825524820.8064,31958195182.2406,35895153327.8497,37021512048.8158,39999659233.7555,41953433591.4101,50410164013.5527
GDP (current US$),NY.GDP.MKTP.CD,Kiribati,KIR,39809538.6776989,47515189.2818196,47737955.346651,46919624.6430029,54832577.8622606,56338028.1690141,66515376.7900462,67537479.5903221,65334841.0604347,69032258.0645161,67254174.3970315,63101272.3699183,112133944.253532,108545632.53012,130754915.906619,139125482.301627,130465372.016846,153275912.676573,177142135.121196,188045661.627666
GDP (current US$),NY.GDP.MKTP.CD,"Korea, Dem. People’s Rep.",PRK,..,..,..,..,..,..,..,..,..,..,..,..,..,..,..,..,..,..,..,..
GDP (current US$),NY.GDP.MKTP.CD,"Korea, Rep.",KOR,284757121057.986,332324538078.68,356117978607.571,391963073243.051,458704213081.088,559329547369.922,603413139412.021,560485235837.652,376481975682.155,486315001429.989,561633037419.537,533051998853.593,898137194716.188,1011797457138.5,1122679154632.41,1002219052967.54,901934953364.711,1094499338702.72,1202463682633.85,1222807195712.49
GDP (current US$),NY.GDP.MKTP.CD,Kosovo,KSV,..,..,..,..,..,..,..,..,..,..,1849196082.05507,2535333631.88536,3736599925.38241,4078158323.92423,4833561456.33726,5687488208.58356,5653792720.20006,5829933774.83444,6692521545.73255,6500321212.89991
GDP (current US$),NY.GDP.MKTP.CD,Kuwait,KWT,18427777777.7778,11008793176.2223,19858555214.7239,23941391390.7285,24848483838.3838,27191689008.0429,31493987641.9506,30354434553.2476,25941929461.9423,30121879434.954,37711864406.7797,34890772742.0933,80797945205.4795,101550654720.882,114641097818.438,147395833333.333,105899930507.297,115419050942.08,154027536231.884,174070025008.932
GDP (current US$),NY.GDP.MKTP.CD,Kyrgyz Republic,KGZ,2674000000,2570833333.33333,2316562500,2028295454.54545,1681006993.00699,1661018518.51852,1827570586.16784,1767864035.71943,1645963749.83146,1249062025.13805,1369693171.43504,1525112241.84376,2460248026.17783,2834168889.42019,3802566170.81543,5139957784.91084,4690062255.12247,4794357795.07139,6197766118.59856,6605139933.41063
GDP (current US$),NY.GDP.MKTP.CD,Lao PDR,LAO,865559856.1639,1028087972.31085,1127806944.61513,1327748654.65969,1543606345.11684,1763536304.53964,1873671550.34636,1747011857.33107,1280177838.71905,1454430642.49183,1731198022.45494,1768619058.34647,2735558726.25625,3452882514.00166,4222962987.53859,5443915120.50795,5832915387.08908,7127792629.58294,8261299199.6817,9356251339.55418
GDP (current US$),NY.GDP.MKTP.CD,Latvia,LVA,..,..,..,..,..,5788368511.12379,5970044665.64574,6525676264.21486,7174985106.63648,7533187605.09248,7937758980.30127,8350252966.19655,16922504044.804,21447021570.1028,30901399261.387,35596016664.2304,26169854045.0375,23765078166.4017,28420287436.9041,28072066041.3722
GDP (current US$),NY.GDP.MKTP.CD,Lebanon,LBN,2838485353.96187,4451497288.27108,5545921947.46583,7535259851.03597,9599127049.9375,11718795528.4939,13690217333.2697,15751867489.4446,17247179005.522,17391056369.2265,17260364842.4544,17649751243.7811,21287562189.0547,21796351575.4561,24577114427.8607,28829850746.2687,35139635157.5456,38009950248.7562,40078938640.1327,43205095854.063
GDP (current US$),NY.GDP.MKTP.CD,Lesotho,LSO,596415106.633185,704329193.303687,831033946.369022,835592816.316424,878250452.815718,1001889845.5807,946123280.510758,997996034.86775,928458201.135382,912771283.593936,887295262.184165,825706966.802027,1682350941.54943,1800105593.03747,1825385552.2422,1875881172.42008,1870006879.27367,2392147273.25836,2795705636.58808,2666218870.25386
GDP (current US$),NY.GDP.MKTP.CD,Liberia,LBR,384400000,348000000,223500000,160400000,132200000,134800000,159400000,295900000,359600000,441800000,529064600,521000000,550000000,604028900,739027200,850040500,1155147400,1292697100,1545400000,1735500000
GDP (current US$),NY.GDP.MKTP.CD,Libya,LBY,28901836158.1921,31995012468.8279,33881392045.4545,30657030223.3903,28607921928.8175,25544128198.9955,27884615384.6154,30698633109.1343,27249786142.0017,35976714100.9056,38270206950.41,34110064452.1567,47334148578.4164,54961936662.6066,67516236337.7158,87140405361.2292,63028320702.0343,74773444900.5368,34699395523.6073,..
GDP (current US$),NY.GDP.MKTP.CD,Liechtenstein,LIE,1421466239.56234,1484152022.3152,1631197909.259,1673104493.77369,1948118227.68151,2428461395.34884,2504033252.42718,2298410390.68421,2479721340.8746,2664026095.06058,2483953102.79488,2491822706.80256,3659251525.8593,4000239272.61126,4601299566.81106,5081432924.0144,4504549214.22663,5082366478.08994,5739977477.47748,5456009384.66461
GDP (current US$),NY.GDP.MKTP.CD,Lithuania,LTU,..,..,..,..,..,7870782260.51698,8385109020.28485,10120274492.8787,11240360897.7126,10972878636.1675,11539211480.3625,12252498921.0186,26125575942.2814,30216060233.4044,39738180076.6283,47850551148.8365,37440673477.8982,37132564255.4319,43505562065.1266,42852204396.452
GDP (current US$),NY.GDP.MKTP.CD,Luxembourg,LUX,13192045509.4157,14281603780.2717,16020561731.4931,16440536847.0149,18274256932.7225,21527461685.8238,21740939413.6808,19694578258.9084,20214613247.3883,22201456424.462,21080997788.8336,21052080536.9128,36977365999.2538,41913561661.0212,50323159047.3583,55144865973.3411,50386496248.958,52351655629.1391,58697386711.1482,55986712367.7993
GDP (current US$),NY.GDP.MKTP.CD,"Macao SAR, China",MAC,2990177409.30059,3464924727.95872,4581209813.98091,5280184999.24695,5868533723.60338,6560637942.71945,6628525682.86805,6674545910.49866,6186449842.08152,5916920006.50659,6101794938.88536,6811252878.57098,12092284455.3182,14789661809.1834,18340472131.3107,20917457388.3119,21475520709.3922,28123640998.7253,36709847596.7175,43028648668.9445
GDP (current US$),NY.GDP.MKTP.CD,"Macedonia, FYR",MKD,4471828621.90813,4694744897.95918,2316618542.52603,2550195043.10345,3381270207.85219,4449375346.45669,4422160017.54386,3735312142.57028,3571043102.5641,3673288263.62039,3772851420.24763,3709637829.94866,6258600713.82627,6861222331.96317,8336478142.08872,9909548410.82744,9401731495.71661,9407168702.4313,10494632699.3859,9745251126.0109
GDP (current US$),NY.GDP.MKTP.CD,Madagascar,MDG,3081479800.28735,2653141958.52585,3024459564.32157,3370842210.90955,2977040722.47057,3159901231.97468,3995028592.78722,3545776697.12109,3738704467.51878,3717515282.53319,3877673539.09084,4529575347.56805,5039293030.82367,5515884348.54904,7342923489.09616,9413002920.97008,8550363974.79243,8729936135.74487,9892702357.56691,9919780071.30832
GDP (current US$),NY.GDP.MKTP.CD,Malawi,MWI,1880784191.81484,2203536031.03471,1799529357.0981,2070647127.03808,1181801919.66833,1397454122.24047,2281039097.69299,2663238982.8009,1750585204.44813,1775920039.58919,1743506287.41519,1716502069.86945,3655892941.67281,3998020176.93393,4431477378.40652,5321114432.10931,6195345174.19622,6957454879.05414,7983556694.87491,5980586767.40693
GDP (current US$),NY.GDP.MKTP.CD,Malaysia,MYS,44024178343.0071,49142784405.0044,59167157497.9385,66894448545.1226,74477975918.3051,88704944178.6284,100854996422.609,100005323301.867,72167753770.8928,79148947368.4211,93789736842.1053,92783947368.4211,143534102611.497,162690965596.205,193547824063.3,230813597937.526,202257586267.556,255016609232.871,297951960784.314,314442825692.826
GDP (current US$),NY.GDP.MKTP.CD,Maldives,MDV,215089005.235602,244468292.682927,284853358.561968,322326642.335766,355884383.08887,398988954.970263,450382327.952421,508223602.37893,540096397.621071,589239753.610875,624337145.284622,884276168.300654,1119806500,1474698125,1745998937.5,2109960937.5,2149257812.5,2323401757.8125,2449576516.91549,2518312129.02218
GDP (current US$),NY.GDP.MKTP.CD,Mali,MLI,2681912030.49384,2724131545.16958,2830673388.82429,2818280876.07615,2081846482.74771,2706425298.36818,2780422212.26995,2697105694.07956,2920358586.75234,3439463140.35541,2954129565.82965,3465305993.47783,6245031690.06808,6899799785.8441,8145694631.88354,9750822511.47988,10181021770.4326,10678749467.4697,12978107560.5982,12442747897.2223
GDP (current US$),NY.GDP.MKTP.CD,Malta,MLT,2547163582.33149,2750041434.26295,3021910216.71827,2709178326.78271,2998570146.54095,3439931906.61479,3570271557.88471,3705372038.70537,3923637971.04652,4127313818.33836,4306192435.82207,4331870647.71535,6394851386.64345,6757119558.3992,7880509170.54476,8977149553.24447,8528202278.41067,8741059602.64901,9556435918.82124,9262238211.48657
GDP (current US$),NY.GDP.MKTP.CD,Marshall Islands,MHL,78476000,82507000,91063000,99461000,108071000,120230000,110858000,106289100,108702100,107978900,110937700,115152100,137744500,143656600,150851598.261375,152901112.689513,152631201.425631,164751292.561566,172674883.357224,185055791.83406
GDP (current US$),NY.GDP.MKTP.CD,Mauritania,MRT,1019600770.6038,1443688869.96039,1464392416.14671,1249944999.42056,1315932644.95246,1415296704.11812,1442598431.0096,1401946853.20672,1375115534.0733,1405662878.85296,1293654175.2102,1295539448.36484,2184444848.97637,3040716679.07669,3356757497.1208,4031047704.39864,3662281667.94663,4337791530.87884,5166340390.52554,5231255478.38986
GDP (current US$),NY.GDP.MKTP.CD,Mauritius,MUS,2653480001.34558,2856890680.60285,3224267547.80508,3263368410.01813,3558137040.37772,4040345933.29231,4421943910.49749,4187367601.73431,4169664285.38681,4291172815.63421,4582555124.64952,4536538210.66761,6283803256.01264,7028803365.70151,8150138757.15741,9990370016.30771,9128843109.15588,10003670690.3497,11518393367.2403,11668685524.1265
GDP (current US$),NY.GDP.MKTP.CD,Mexico,MEX,262709776007.964,314453890803.074,363609256195.677,503962832199.255,527318753518.414,343792792161.261,397404140458.457,480554644187.662,502010250656.743,579459682649.262,683647965226.955,724703603502.349,866345821213.261,965281191371.844,1043471321169.09,1101275278668.79,894948748436.748,1051128603513.77,1171187519660.64,1186598324461.82
GDP (current US$),NY.GDP.MKTP.CD,"Micronesia, Fed. Sts.",FSM,147200000,166200000,178100000,198400000,202500000,222103600,218845700,206900300,219646200,220660500,233226300,240051900,249845600,252991200,255890800,261339600,277510900,294117200,310287500,325835200
GDP (current US$),NY.GDP.MKTP.CD,Moldova,MDA,..,..,..,..,..,1752975841.35916,1695130456.52174,1930071406.92641,1639497206.70391,1170785047.79461,1288429150.51394,1480656884.38462,2988338439.31553,3408272498.11516,4401154128.12297,6054806100.8468,5439422031.39627,5811604051.96737,7015206498.21955,7284686576.2835
GDP (current US$),NY.GDP.MKTP.CD,Monaco,MCO,2481316053.85316,2480497547.84881,2737066955.91266,2574439973.17387,2720297738.93904,3130270918.79061,3137848783.08404,2840182191.77105,2934578788.86478,2906009307.6651,2647883820.18625,2671401082.76436,4280072625.97622,4663488363.0977,5974371695.95045,6919241412.09365,5557245122.31576,5350674803.33858,6074884388.58937,..
GDP (current US$),NY.GDP.MKTP.CD,Mongolia,MNG,2560785660,2379018326.31579,1317611863.84977,768401634.154573,925817092.217484,1452165005.2384,1345719472.35883,1180934202.83801,1124440248.9783,1057408588.68269,1136896123.61298,1267997934.3125,2523471532.01083,3414055566.1138,4234999823.30839,5623216448.86851,4583850367.88972,7189481853.13241,10409797610.331,12292770631.23
GDP (current US$),NY.GDP.MKTP.CD,Montenegro,MNE,..,..,..,..,..,..,..,..,..,..,984279598.325251,1159891557.16986,2257118340.54619,2696020574.58286,3668656246.57834,4519930566.74528,4141152200.489,4138972769.65459,4538450845.19573,4087777049.68585
GDP (current US$),NY.GDP.MKTP.CD,Morocco,MAR,30180108561.9305,32285388165.2999,33711069430.78,31655473663.8348,35604137422.5796,39030285468.3841,43161452678.4383,39147844526.0838,41806219378.6181,41632027599.8531,38857251336.3448,39459581217.3759,62343022650.8742,68640825480.9223,79041539006.1399,92507257783.5697,92897320375.8176,93216746661.5977,101370474295.109,98266306615.3632
GDP (current US$),NY.GDP.MKTP.CD,Mozambique,MOZ,2512109516.61781,3263761937.95748,2291175764.66004,2394823061.93212,2460670287.73707,2521738759.58885,3523842274.89662,4227273069.05991,4873242526.06404,5302532113.25156,5016469068.50898,4766928746.6914,7723846194.87446,8312078525.08582,9366742309.49331,11494837053.4061,10911698208.1015,10154238250.1818,13131168011.807,14534278446.3087
GDP (current US$),NY.GDP.MKTP.CD,Myanmar,MMR,..,..,..,..,..,..,..,..,..,..,8905066163.58643,6477790688.22844,11986972418.5103,14502553709.8303,20182477480.5512,31862554101.9378,36906181380.8127,49540813342.4834,59977326085.9908,59731122170.0865
GDP (current US$),NY.GDP.MKTP.CD,Namibia,NAM,2804379662.19611,3012742078.00674,3448326858.34502,3218475900.48046,3636645995.26867,3942478205.72909,3945340776.40546,4102648719.61806,3826527630.55551,3818954447.99083,3908661517.62299,3546783708.12619,7261333794.60003,7978734401.53585,8740865600.24981,8486721916.9128,8876191120.76189,11282192605.0374,12409629835.6998,13016272898.9038
GDP (current US$),NY.GDP.MKTP.CD,Nauru,NRU,..,..,..,..,..,..,..,..,..,..,..,..,..,..,20433291.5364309,39332420.4020347,44289899.6862987,49248823.5898978,72749377.1994046,103811945.189664
GDP (current US$),NY.GDP.MKTP.CD,Nepal,NPL,3627562402.66027,3921476084.89072,3401211581.29176,3660041666.66667,4066775510.20408,4401104417.67068,4521580381.47139,4918691916.53516,4856255044.39064,5033642384.10596,5494252207.90502,6007061224.48979,8130258041.46706,9043715355.8881,10325618017.379,12545438605.3959,12854985464.0764,16002656434.4746,18850169891.6665,19206631648.9713
GDP (current US$),NY.GDP.MKTP.CD,Netherlands,NLD,314267667675.178,323320449905.705,358330385839.599,349037818106.312,374291430318.44,446528959648.641,445704575163.399,412199006098.938,432476116418.574,441975282335.393,412807259996.315,426573601789.709,678533764457.157,726649102998.369,839419655078.018,936228211513.11,857932759099.75,836439735099.338,893701695857.659,828946812396.788
GDP (current US$),NY.GDP.MKTP.CD,New Caledonia,NCL,2529310103.83608,2653781596.46008,2923764926.39718,3070161471.04451,3038727617.03901,3628440274.67,3606968433.92682,3291489840.57141,3158806480.26107,3056999988.09146,2682347064.3642,..,..,..,..,..,..,..,..,..
GDP (current US$),NY.GDP.MKTP.CD,New Zealand,NZL,45495727006.5141,42745329732.163,41649298170.9911,46775067750.6775,55315342817.0218,63918703506.9075,70140835299.0148,66074513017.7142,56226643507.553,58761222689.2937,52623281956.7031,53872425916.6248,114719425473.492,111606899682.251,137314617476.299,133278976593.801,121337372727.841,146584522265.456,168462632327.382,176617424296.729
GDP (current US$),NY.GDP.MKTP.CD,Nicaragua,NIC,1009455476.05583,1488804123.71134,1792800000,1756454248.36601,3863185119.04762,4140470000,4308351902.78601,4389965590.96538,4635267224.84195,4855717874.68247,5107329007.0922,5323146565.70315,6321335612.22233,6786294637.33603,7458103361.63737,8491388728.5018,8380731879.74635,8741313140.24883,9755619760.14614,10438842115.6263
GDP (current US$),NY.GDP.MKTP.CD,Niger,NER,2480673304.74309,2327986215.86356,2344987614.27441,1606581743.78497,1563207224.65066,1880803361.68562,1987770898.54334,1845599608.44272,2076737356.67897,2018193703.06047,1798374468.36362,1945327564.65042,3405134831.85049,3646728060.06463,4291363390.91295,5403363917.3096,5397121856.35204,5718589799.24366,6409169889.50891,6942209594.55433
GDP (current US$),NY.GDP.MKTP.CD,Nigeria,NGA,30757075595.3681,27392886872.5547,29300921681.1958,15789003752.7594,18086400535.5777,28546958641.2735,34987951375,35822342617.6978,32004613750,35870792987.9432,46385996028.9482,44138014092.2627,112248324605.527,145429764861.249,166451213395.64,208064753766.47,169481317540.364,369062464570.387,411743801711.642,460953836444.364
GDP (current US$),NY.GDP.MKTP.CD,Northern Mariana Islands,MNP,..,..,..,..,..,..,..,..,..,..,..,..,..,..,..,..,..,..,..,..
GDP (current US$),NY.GDP.MKTP.CD,Norway,NOR,119791683307.507,121872464483.487,130838040067.584,120579072750.596,127131461119.927,152027402449.804,163517783497.163,161354369892.838,154165219811.533,162286003692.686,171315639982.731,174003247439.305,308722079937.912,345424664369.357,400883873279.083,461946808510.638,386383919342.271,428524701366.599,498157406416.158,509704856037.817
GDP (current US$),NY.GDP.MKTP.CD,Oman,OMN,11685045513.6541,11341482444.7334,12452275682.7048,12493107932.3797,12918855656.697,13802600780.2341,15277763328.9987,15837451235.3706,14085373211.9636,15710148244.4733,19507412223.6671,19452015604.6814,31081924577.3732,37215864759.4278,42085305591.6775,60905331599.4798,48388296488.9467,58641352405.7217,67937581274.3823,76689206762.0286
GDP (current US$),NY.GDP.MKTP.CD,Pakistan,PAK,40010424928.715,45451960731.7204,48635176852.7673,51478304859.5879,51894781281.8919,60636022422.6176,63320122807.1223,62433300338.0941,62191955814.3478,62973855718.8874,73952374969.7995,72309738921.3329,109502102510.883,137264061106.043,152385716311.916,170077814106.305,168152775283.032,177406854514.885,213587413183.996,224383620829.57
GDP (current US$),NY.GDP.MKTP.CD,Palau,PLW,76888000,83855000,82451000,75907000,83527000,95237000,108203000,113213000,117320000,113485000,149300000,160000000,193300000,194700000,196000000,198100000,186400000,183800000,199900000,214200000
GDP (current US$),NY.GDP.MKTP.CD,Panama,PAN,6433967048.89355,7074675466.71512,8042337717.10487,8782585412.84165,9365289798.88538,9573813687.65665,9870494017.20925,10677286062.1918,11575486374.2233,12130252154.4086,12304114980.2874,12502013401.9778,16374393923.6994,18141666302.3493,20958000000,24522200000,26593500000,28917200000,34373820484.9739,39954761232.6898
GDP (current US$),NY.GDP.MKTP.CD,Papua New Guinea,PNG,3219730365,3787352286.66667,4377984100,4974662910,5502648500,4636113480.00002,5155485419.7,4936605079.99998,3789428160.00001,3477060138.33333,3521348154.79666,3081029665.98233,4865971718.29732,5527856839.07482,6340673793.54534,8000074071.33069,8105331929.8755,9716103408.96554,12873049346.2674,15391629871.3765
GDP (current US$),NY.GDP.MKTP.CD,Paraguay,PRY,5695201563.42495,6984367762.90371,7157424031.06045,7249533620.30614,7870982170.98217,9062131307.88275,9788391732.82899,9965225496.5884,9024567484.2013,8392549702.31511,8195993230.74275,7662595075.90241,8734653809.49561,10646157920.3209,13794910633.8518,18504130752.9922,15929902138.1363,20030528042.9171,25099681460.8943,24595319573.7548
GDP (current US$),NY.GDP.MKTP.CD,Peru,PER,26410386669.3609,34672122339.7898,36139225252.6227,35158109978.8868,44882079766.8913,53312793687.3836,55252414130.3019,58147522522.5225,55501467877.381,50187324567.883,51744749133.213,52030158775.4055,76060606060.606,88643193061.748,102170981144.136,120550599815.441,120822986521.479,147492391535.14,171724325697.898,192605185353.65
GDP (current US$),NY.GDP.MKTP.CD,Philippines,PHL,44311593755.7845,45417561302.2497,52976344928.9564,54368083953.1119,64084460124.4644,74119987244.5011,82848140618.0266,82344260570.6685,72207025219.4752,82995147089.9742,81026297144.2795,76262072022.215,103071585462.599,122210719245.902,149359920005.894,174195135053.121,168334599538.168,199590774784.581,224143083706.777,250092093547.532
GDP (current US$),NY.GDP.MKTP.CD,Poland,POL,65977748210.5263,85500935934.9901,94337050693.2727,96045645026.178,110803391516.698,142137319587.629,159942880456.956,159117799530.388,174388271853.6,169717677900.734,171885598582.637,190521263343.023,306134635593.744,344826430298.147,429249647594.607,533815789473.684,439796160379.475,479321128909.23,528828473066.019,500344281382.345
GDP (current US$),NY.GDP.MKTP.CD,Portugal,PRT,78721607509.4923,89242382961.0101,107602689040.689,95019103603.042,99698453260.8696,118133634071.912,122629812841.175,117046198970.84,123981736420.303,127465545493.288,118358489957.619,121545880984.34,197304513120.259,208566948939.907,240169336162.059,262007590449.685,243745748819.116,238317631788.079,244879869335.557,216368178659.447
GDP (current US$),NY.GDP.MKTP.CD,Puerto Rico,PRI,30603919000,32287031000,34630430000,36922456000,39690630000,42647331000,45340835000,48187039000,54086409000,57840954000,61701810000,69668635000,83914521340.5431,87276164364.6388,89524131617.1909,93639316000,96385638000,98381268000,100351670000,101080738000
GDP (current US$),NY.GDP.MKTP.CD,Qatar,QAT,7360439423.07692,6883516483.51648,7646153983.51648,7156593653.84615,7374450769.23077,8137911978.02198,9059340384.61539,11297802115.3846,10255495027.4725,12393131868.1319,17759890109.8901,17538461538.4615,44530494505.4945,60882142857.1428,79712087912.0879,115270054945.055,97798351648.3516,125122306346.154,167775274725.275,186833516483.516
GDP (current US$),NY.GDP.MKTP.CD,Romania,ROM,38995454545.4545,28998684210.5263,25121666666.6667,26362894736.8421,30074440483.3837,37662075750.123,37182938696.0752,35838588169.6429,41976002703.9207,36183003978.3474,37438527799.5302,40716836998.0386,99697566667.8107,123533036667.853,171536685395.563,208181626900.631,167422949529.4,167998080493.408,185362855081.021,171664638717.49
GDP (current US$),NY.GDP.MKTP.CD,Russian Federation,RUS,516814258695.568,517962962962.963,460290556900.726,435083713850.837,395077301248.464,395531066563.296,391719993756.828,404926534140.017,270953116950.026,195905767668.562,259708496267.33,306602673980.117,764017107992.391,989930542278.695,1299705247685.76,1660844408499.61,1222643696991.85,1524916112078.87,2034007406354.34,2154067053237.85
GDP (current US$),NY.GDP.MKTP.CD,Rwanda,RWA,2550185618.14774,1911600969.76612,2029026704.02707,1971525998.87685,753636370.454546,1293535010.94467,1382334879.40812,1851558301.7002,1989343495.21844,1817655328.06755,1734938264.47371,1674685094.01639,2581465863.87859,3110328010.91442,3775447705.93559,4796573531.21622,5308990459.47843,5698548987.88591,6406727230.17325,7219657132.21544
GDP (current US$),NY.GDP.MKTP.CD,Samoa,WSM,125766269.755358,125597205.422315,132303041.36253,133122897.196262,221098106.508876,224865731.381903,249908970.658971,285475591.89651,269481523.200465,258833766.580017,269019710.327456,273088357.1637,465568018.300557,505832439.822977,570469196.667431,619260721.579306,584706020.213857,656789149.595525,762098381.877023,804209309.427213
GDP (current US$),NY.GDP.MKTP.CD,San Marino,SMR,..,..,..,..,..,..,..,..,..,853373879.731819,773907642.414748,815205233.062791,1375416604.48689,1469000145.311,1687567364.11695,1899879955.48332,..,..,..,..
GDP (current US$),NY.GDP.MKTP.CD,Sao Tome and Principe,STP,..,..,..,..,..,..,..,..,..,..,..,72230284.4325877,126194166.230985,134441116.924998,145827429.572302,188021168.8418,187821029.030558,197454053.144483,233213522.647122,252560557.085219
GDP (current US$),NY.GDP.MKTP.CD,Saudi Arabia,SAU,116778104138.852,131335914552.737,136304138851.802,132151401869.159,134327102803.738,142457676902.537,157743124165.554,164993858477.971,145772800000,160957066666.667,188441866666.667,183012266666.667,328459608764.111,376900133511.348,415964509673.115,519796800000,429097866666.667,526811466666.667,669506666666.667,733955733333.333
GDP (current US$),NY.GDP.MKTP.CD,Senegal,SEN,5716644272.04692,5617236032.86556,6004885321.34354,5678827998.8247,3877196914.93966,4878719133.22771,5065830414.04947,4672503920.19866,5030344074.0413,5144045359.98185,4679604753.55711,4877602059.50983,8707015771.00113,9358710935.43366,11284603070.5653,13375825205.0612,12771709949.8651,12914130614.1816,14352023940.2661,14194124595.9323
GDP (current US$),NY.GDP.MKTP.CD,Serbia,SRB,..,..,..,..,..,16750000000,20948677839.851,24147996549.5662,18284194680.3844,18409364146.9794,6540247190.33529,12267175481.2542,26252007830.4639,30607991862.4843,40289556656.1455,49259526052.7426,42616653299.9115,39460357730.5224,46466728666.6103,40742313861.1374
GDP (current US$),NY.GDP.MKTP.CD,Seychelles,SYC,368584758.942457,374359556.084926,433667193.814795,473916819.453826,486451204.557142,508221508.221508,503068472.20266,562958836.519905,608369282.225727,622985493.682733,614879764.780006,622262057.191635,919103254.545455,1016418229.25159,1033561654.0568,967199593.960157,847397850.094417,969936525.298729,1065826669.89742,1134267367.19206
GDP (current US$),NY.GDP.MKTP.CD,Sierra Leone,SLE,649644826.800447,779981458.921489,679997997.597117,768812334.801762,911915970.683484,870758739.40678,941742152.709895,850218033.622007,672375927.347148,669384768.87263,635874002.198748,1079478387.83576,1627854494.80246,1885112201.85278,2158496872.85796,2505458705.03338,2489985963.16808,2616610911.07222,2942546781.04663,3801862611.3614
GDP (current US$),NY.GDP.MKTP.CD,Singapore,SGP,36152027893.1446,45474442836.4689,52156414978.5144,60644572348.0629,73777792326.8299,87890009877.24,96403758865.2482,100163995150.862,85707636233.2696,86283126843.6578,95833932714.6172,89286208628.6767,127417688055.756,147797218201.271,179981288567.447,192225881687.752,192408387762.118,236421782178.218,275221020830.021,289268624469.873
GDP (current US$),NY.GDP.MKTP.CD,Sint Maarten (Dutch part),SXM,..,..,..,..,..,..,..,..,..,..,..,..,..,..,..,..,..,..,..,..
GDP (current US$),NY.GDP.MKTP.CD,Slovak Republic,SVK,12694544692.7374,14213045493.8806,15431288006.2104,16452201100.9604,20079363625.5784,25733043137.2549,27821913814.9556,27660149541.1805,29828899205.7277,30415095887.492,29114875621.8905,30703017449.6644,62697540106.9519,70596729394.0534,86304245825.349,100324627215.468,88945625173.6593,89506341721.8543,98175152905.1988,93413992955.8972
GDP (current US$),NY.GDP.MKTP.CD,Slovenia,SVN,..,..,..,..,..,21273055398.3017,21480023016.9972,20749140606.2425,22125435372.187,22689994990.1121,20342201356.0052,20875387068.1145,36346974008.2079,39587732028.6037,48114688201.4782,55589849128.4605,50244793831.6199,48016465430.4636,51287601751.4595,46258247574.7506
GDP (current US$),NY.GDP.MKTP.CD,Solomon Islands,SLB,302515026.890225,320355090.61441,378778047.197842,410923236.189102,464756638.512487,519334096.714525,565163750.56079,567919502.811483,471177008.057148,482214092.308964,435103853.485036,400463452.065176,413909879.281265,456705433.996978,516074228.959749,608293860.271816,597765363.128492,671585343.170686,886498370.696086,1025125081.57494
GDP (current US$),NY.GDP.MKTP.CD,Somalia,SOM,..,..,..,..,..,..,..,..,..,..,..,..,..,..,..,..,..,..,..,..
GDP (current US$),NY.GDP.MKTP.CD,South Africa,ZAF,112014836393.151,120225985441.64,130513680154.278,134309807571.074,139752373972.063,155460234815.693,147608050636.15,152586031835.938,137774695403.65,136631881365.087,136361791002.623,121515880068.764,257772766357.932,271638630111.497,299415359539.558,286769850239.675,295936471258.128,375349396273.835,416418862155.872,396342265529.842
GDP (current US$),NY.GDP.MKTP.CD,South Sudan,SSD,..,..,..,..,..,..,..,..,..,..,..,..,..,..,..,15550136278.8696,12231362022.6859,15727363443.0995,17826697892.2717,10368813559.322
GDP (current US$),NY.GDP.MKTP.CD,Spain,ESP,535101248775.71,575598537069.656,629202392003.901,523649481762.322,529121577319.588,612939685081.398,640998292394.588,588692045454.545,617041986858.225,633194118900.49,595402616546.895,625975838926.175,1157276458151.97,1264551499184.54,1479341637010.68,1634989014208.29,1499074742984.16,1431672847682.12,1487924659438.42,1339946773437.24
GDP (current US$),NY.GDP.MKTP.CD,Sri Lanka,LKA,8032551173.24014,9000362581.58086,9703011635.86585,10338679635.7616,11717604208.8223,13029697560.9756,13897738375.2488,15091913883.7091,15794972847.1683,15656327859.5696,16330814179.9766,15746229581.5619,24406252456.5141,28279814924.5918,32350248410.8216,40713812309.7316,42066217871.5349,56725745039.336,65292741296.5382,68434399083.41
GDP (current US$),NY.GDP.MKTP.CD,St. Kitts and Nevis,KNA,208740444.444444,209880962.962963,229434518.518519,249676000,277567259.259259,299699666.666667,318742962.962963,357237682.126571,364975456.93842,389984428.873318,420086753.420087,460467986.505023,543169962.962963,636071000,674008481.481481,738942555.555555,723209111.111111,705015370.37037,753225962.962963,734462666.666667
GDP (current US$),NY.GDP.MKTP.CD,St. Lucia,LCA,397192592.592593,431470370.37037,477996296.296296,492029629.62963,517566666.666667,560811111.111111,566370370.37037,604411111.111111,657529592.592593,692507407.407407,780895370.37037,742383555.555555,946681296.296296,1074708518.51852,1150526259.25926,1187075814.81481,1180949888.88889,1241892814.81481,1280623888.88889,1298815407.40741
GDP (current US$),NY.GDP.MKTP.CD,St. Martin (French part),MAF,..,..,..,..,..,..,..,..,..,..,..,..,..,..,..,..,..,..,..,..
GDP (current US$),NY.GDP.MKTP.CD,St. Vincent and the Grenadines,VCT,240365259.259259,254829629.62963,277954111.111111,286307814.814815,289438481.481481,316008481.481481,331489703.703704,347770000,373619851.851852,390719148.148148,396270000,430040370.37037,550728666.666667,610778296.296296,678322629.62963,695428851.851852,674922481.481482,681225962.962963,676129407.407407,692933740.740741
GDP (current US$),NY.GDP.MKTP.CD,Sudan,SDN,12408647540.9836,11379222222.2222,7034219712.52567,8881785938.48085,12794192334.2541,13829744878.6366,9018243044.45155,11681494637.3041,11250327988.0478,10682045258.3647,12257418326.0734,13182979783.533,26524538565.7403,35822408611.5588,45898948564.0593,54526580231.5568,53150209167.934,65634109236.7736,67327289319.733,68125631150.2939
GDP (current US$),NY.GDP.MKTP.CD,Suriname,SUR,388300000,448300000,404600000,428794117.647059,605492537.313433,693970588.235294,860630922.693267,929607500,945000000,885444186.046512,892164393.939394,763465550.458716,1793754804.70037,2626380435.17877,2936612021.85792,3532969034.60838,3875409836.06557,4368398047.64333,4422276621.78703,4980000000
GDP (current US$),NY.GDP.MKTP.CD,Swaziland,SWZ,1114703088.1614,1156141998.33412,1284766234.2216,1357206995.74624,1419293454.99606,1698982437.76019,1602760100.48147,1716699913.19444,1576904292.4588,1547884442.26205,1705063301.53607,1524393932.00218,3106903700.09278,3180028915.3068,3362443069.23666,3240596584.03138,3575304672.1031,4526397202.64438,4959993196.6231,4868463069.42753
GDP (current US$),NY.GDP.MKTP.CD,Sweden,SWE,258154283908.9,270362531376.602,280312318915.485,209950792712.696,226079963711.768,264051981551.316,288103936773.039,264477727278.681,266800462898.904,270847937645.236,259802012617.057,239917320966.977,389042298376.845,420032121655.688,487816328342.309,513965650650.119,429657033107.737,488379327089.837,563113421113.421,543880647757.404
GDP (current US$),NY.GDP.MKTP.CD,Switzerland,CHE,257420293190.325,260459896582.985,271133679206.372,263691005481.862,291913801052.862,341759012938.689,329619351051.78,286604024805.347,294977518761.208,289884127679.404,271659728209.379,278628772872.719,407535656039.19,429195591242.622,477407802315.895,551546962699.658,539528229942.101,581211708792.789,696311671959.459,665054050620.785
GDP (current US$),NY.GDP.MKTP.CD,Syrian Arab Republic,SYR,12308624283.9787,12981833333.3333,13253565898.9558,13695962019.2084,10122020000,11396706586.8263,13789560878.2435,14505233968.8716,15200846138.4615,15873875968.9922,19325894913.1254,21099833783.503,28858965517.2414,33332844574.7801,40405006007.2086,..,..,..,..,..
GDP (current US$),NY.GDP.MKTP.CD,Tajikistan,TJK,..,1352000000,2156666666.66667,1644325581.39535,1343225563.90977,1230996472.66314,1043893062.60575,921843144.229059,1320126706.15503,1086567377.60543,860550305.832491,1080774007.25065,2312319579.02843,2830236053.84429,3719497371.09659,5161336170.46084,4979481980.35098,5642178579.58438,6522732202.50748,7633049792.09321
GDP (current US$),NY.GDP.MKTP.CD,Tanzania,TZA,4258742898.93795,4956588278.56144,4601413263.52894,4257702196.53864,4510846967.8742,5255221424.80962,6496195450.61034,7683852496.84499,9345174219.07253,9697847263.63196,10185786382.8283,10383560602.8537,16929976600.142,18610460326.5437,21501741757.484,27368386358.131,28573777052.4542,31407908612.0943,33878631649.4157,39087748240.4403
GDP (current US$),NY.GDP.MKTP.CD,Thailand,THA,85343063965.9182,98234695722.0341,111452869378.467,128889832382.818,146683499005.964,169278552851.272,183035154107.494,150180268649.388,113675706127.265,126668932159.508,126392308497.749,120296746256.631,189318499954.003,221758486880.313,262942650543.771,291383081231.82,281574762729.76,340923571200.889,370608559050.496,397290682074.825
GDP (current US$),NY.GDP.MKTP.CD,Timor-Leste,TMP,..,..,..,..,..,..,..,..,..,..,368000000,452000000,491000000,463000000,559000000,694000000,827000000,943000000,1148000000,1293000000
GDP (current US$),NY.GDP.MKTP.CD,Togo,TGO,1628427515.41881,1602299862.9243,1692959110.18022,1233496846.33493,982624324.505898,1309382885.33029,1465448290.34132,1498950899.08774,1587345950.9743,1576094566.48548,1294250233.18894,1332328999.09077,2115154262.03025,2202809251.31304,2523462557.38975,3163416242.05877,3163000528.8167,3172945644.5585,3756023159.96,3866617462.61854
GDP (current US$),NY.GDP.MKTP.CD,Tonga,TON,113563821.577404,132201141.446861,137066290.55007,138489884.393064,193775943.038933,202547013.927138,219583570.094975,212155124.65374,188686997.319035,196686674.669868,202363492.160332,181244788.473329,262176133.72543,294137737.070038,300143056.873221,349459648.569023,318151987.342379,369435481.362435,423015937.994651,472441382.972447
GDP (current US$),NY.GDP.MKTP.CD,Trinidad and Tobago,TTO,5068000000,5203223529.41177,5318258823.52941,4581357104.14681,4947205860.01451,5329214163.22001,5759537726.26601,5737751331.63779,6043694330.21609,6808982520.75759,8154338232.95978,8824873259.32105,15982282462.3786,18369070085.3888,21642304045.512,27870257894.2347,19175196445.7936,22157948396.2042,25433011405.3017,25694164489.2373
GDP (current US$),NY.GDP.MKTP.CD,Tunisia,TUN,12290568181.8182,13074782608.6957,15497286295.7938,14608946896.483,15632463424.2784,18030876599.3444,19587322786.1105,20746360430.4187,21803372266.6198,22943685719.103,21473188881.5933,22066101341.4888,32273007553.5687,34378437265.2141,38908069299.204,44856586316.0458,43454935940.1614,44050929160.2627,45810626509.4474,45044176963.9542
GDP (current US$),NY.GDP.MKTP.CD,Turkey,TUR,150676291094.21,150027833333.333,158459130434.783,180169736363.636,130690172297.297,169485941048.035,181475555282.555,189834649111.257,269287100882.24,249751469675.263,266567532789.507,196005289735.64,482979839089.015,530900094644.732,647139816980.49,730325337118.723,614569781800.821,731144536446.484,774775356126.167,788862935211.869
GDP (current US$),NY.GDP.MKTP.CD,Turkmenistan,TKM,3189539641.3171,3208098919.0146,3200539816.0601,3179225948.58114,2561118608.35516,2482228439.71407,2379281767.9558,2450084970.24741,2605688065.08338,2450686659.778,2904662604.82053,3534771968.51189,8104355716.8784,10277598152.4249,12664165103.1895,19271523178.8079,20214385964.9123,22583157894.7368,29233333333.3333,35164210526.3158
GDP (current US$),NY.GDP.MKTP.CD,Turks and Caicos Islands,TCA,..,..,..,..,..,..,..,..,..,..,..,..,..,..,..,..,..,..,..,..
GDP (current US$),NY.GDP.MKTP.CD,Tuvalu,TUV,8824447.74022325,9365165.91369372,9742949.47121034,9630762.95389637,10886825.5592923,11025945.1445515,12334846.2320995,12700905.4475286,12757632.8684508,13687141.1058778,13742057.0500928,13196544.946726,21839098.8927071,22902861.4457831,27030374.0272781,30290219.7617849,27101076.2751521,31823518.6204366,39312016.5033522,39875750.6730172
GDP (current US$),NY.GDP.MKTP.CD,Uganda,UGA,4304398865.88268,3321729057.12215,2857457860.05088,3220439044.18949,3990430446.71216,5755818947.42125,6044585326.938,6269333313.17108,6584815846.52754,5998563257.94659,6193246837.09687,5840503868.57245,9013834373.41246,9942597779.99265,12292813603.2327,14239026629.639,18160711201.0079,20186498788.8153,20471099197.0034,23506194155.2319
GDP (current US$),NY.GDP.MKTP.CD,Ukraine,UKR,..,..,71896428571.4286,65607522123.8938,52543388913.1384,48214752454.2319,44558076851.5988,50150401353.6015,41883242906.7157,31580961262.8317,31261718319.1794,38009344576.6088,86142018069.3504,107753069306.931,142719009900.99,179992405832.321,117227769791.56,136013155905.036,163159671670.265,175781379051.433
GDP (current US$),NY.GDP.MKTP.CD,United Arab Emirates,ARE,50701443748.2975,51552165622.4462,54239171887.769,55625170253.337,59305093979.842,65743666575.8649,73571233996.1863,78839008444.5655,75674336283.1858,84445473110.9598,104337372362.151,103311640571.818,180617018379.85,222105922396.188,257916133424.098,315474615738.598,253547358747.447,286049336038.121,348526072157.931,373431994554.118
GDP (current US$),NY.GDP.MKTP.CD,United Kingdom,GBR,1093169389204.55,1142797178130.51,1179659529659.53,1061388722255.55,1140489745944.29,1320255641470.73,1392979719188.77,1537090700720.37,1623564094070.88,1652167933991.26,1635441065214.1,1613034403339.57,2508103636363.64,2678277828886.84,3063005202080.83,2875463235294.12,2367127278392.27,2429602904820.77,2608995353308.76,2646002634059.62
GDP (current US$),NY.GDP.MKTP.CD,United States,USA,5979589000000,6174043000000,6539299000000,6878718000000,7308755000000,7664060000000,8100201000000,8608515000000,9089168000000,9660624000000,10284779000000,10621824000000,13093726000000,13855888000000,14477635000000,14718582000000,14418739000000,14964372000000,15517926000000,16155255000000
GDP (current US$),NY.GDP.MKTP.CD,Uruguay,URY,9298680632.74904,11205971155.2758,12878199880.9839,15002106518.4847,17474647792.3829,19297663096.5506,20515543039.2132,23969823010.4429,25385928198.3212,23983945190.6202,22823255801.8447,20898788416.6348,17362857683.8545,19579457966.0538,23410572634.3147,30366213119.2928,31660911277.0294,40284682479.8596,47962439303.7247,51265399744.9558
GDP (current US$),NY.GDP.MKTP.CD,Uzbekistan,UZB,13360607990.6751,13677622222.2222,12941297376.0933,13099013835.5111,12899156990.6156,13350468917.4115,13948892215.5689,14744603773.5849,14988971210.8383,17078465982.0282,13760374487.51,11401351420.1718,14307509838.8053,17330833852.919,22311393927.8817,29549438883.8338,33689223673.2577,39332770928.9426,45915191189.3237,51821573338.1312
GDP (current US$),NY.GDP.MKTP.CD,Vanuatu,VUT,158397403.041175,188869985.673352,196142585.014816,188080374.400605,219260341.050642,233902114.8683,245177633.168933,255890221.800293,262301252.769228,267999225.256634,272014693.050806,257926881.72043,394962552.336108,439376794.094041,526428309.945088,607958616.143415,610066628.693058,700804286.224354,792149700.679116,781702874.106058
GDP (current US$),NY.GDP.MKTP.CD,"Venezuela, RB",VEN,47028010660.9808,51749026408.4507,58450099415.2047,58124193832.5991,56531046464.6465,74906532239.819,68263823148.8138,85843534588.6206,91331203433.1629,97976886247.3172,117140723529.412,122903960204.505,145510008134.75,183477522123.894,230364012575.687,315600203539.823,329418979506.288,393801459277.332,316482190800.364,381286237847.667
GDP (current US$),NY.GDP.MKTP.CD,Vietnam,VNM,6471740490.99897,9613369548.20359,9866990092.18743,13180953965.6854,16286434068.4834,20736163924.0492,24657470352.545,26843701147.496,27209601995.8245,28683657995.128,33640085738.648,35291349197.4254,57633255618.2731,66371664817.0436,77414425532.2452,99130304099.1274,106014601171.036,115931749697.241,135539487317.008,155820001920.492
GDP (current US$),NY.GDP.MKTP.CD,Virgin Islands (U.S.),VIR,1564700032,1671200000,1770899968,1996000000,..,..,..,..,..,..,..,..,..,..,..,..,..,..,..,..
GDP (current US$),NY.GDP.MKTP.CD,West Bank and Gaza,WBG,..,..,..,..,2843299990.03686,3282799986.7167,3409599993.73375,3759800011.59521,4067800005.26302,4271199990.33746,4313600004.90521,4003700002.37772,4831800008.91325,4910100004.48853,5505800004.86843,6673500000,7268200000,8913100000,10459845726.257,11279400010.3737
GDP (current US$),NY.GDP.MKTP.CD,"Yemen, Rep.",YEM,5647251908.39695,5930370370.37037,6463649985.01648,5368270614.8468,4167356037.1517,4258788725.44991,5785685310.86668,6839039029.748,6325219772.93811,7641101221.43876,9636342274.82408,9854042164.67463,16753769531.6987,19081722875.3022,21656517484.2538,26910851361.7555,25130274124.2524,30906749533.221,32726417878.391,35401339869.3055
GDP (current US$),NY.GDP.MKTP.CD,Zambia,ZMB,3285217391.30435,3378882352.94118,3181921787.7095,3273237853.35689,3656647744.24858,3807067121.8609,3597220962.00017,4303281932.29365,3537683046.02331,3404311976.54941,3600683039.73254,4094480988.11931,8331870169.14977,12756858899.2812,14056957976.2648,17910858637.9048,15328342303.9575,20265556273.582,23460098339.7453,25503370699.2015
GDP (current US$),NY.GDP.MKTP.CD,Zimbabwe,ZWE,8783816700,8641481700,6751472200,6563813300,6890675000,7111270700,8553146600,8529571600,6401968200,6858013100,6689957600,6777384700,5755215200,5443896500,5291950100,4415702800,8157077400,9422161300,10956226600,12392715500
,,,,,,,,,,,,,,,,,,,,,,,
,,,,,,,,,,,,,,,,,,,,,,,
,,,,,,,,,,,,,,,,,,,,,,,
Data from database: World Development Indicators,,,,,,,,,,,,,,,,,,,,,,,
Last Updated: 01/03/2017,,,,,,,,,,,,,,,,,,,,,,,
